block_index,mode,lam,winner_id,block_time_ticks,fork,n_competing,f_winner,f_reference,f_optimum_est,total_hash_attempts,total_aco_iterations,p0,label
0,sha_pow,0.0,23,30,False,1,4.261220393619304,4.261220393619304,4.261220393619304,11790.632393266887,0.0,0.0002,sha_pow
1,sha_pow,0.0,24,17,False,1,4.557957683769722,4.557957683769722,4.557957683769722,6846.173647703382,0.0,0.0002,sha_pow
2,sha_pow,0.0,16,6,False,1,4.653333031142296,4.653333031142296,4.653333031142296,2662.4008629957557,0.0,0.0002,sha_pow
3,sha_pow,0.0,5,8,False,1,4.358620308736969,4.358620308736969,4.358620308736969,3423.086823851684,0.0,0.0002,sha_pow
4,sha_pow,0.0,9,38,False,1,4.526932166067279,4.526932166067279,4.526932166067279,14970.975373694808,0.0,0.0002,sha_pow
5,sha_pow,0.0,27,5,False,1,3.6061831485435,3.6061831485435,3.6061831485435,2282.0578825677917,0.0,0.0002,sha_pow
6,sha_pow,0.0,4,13,False,1,4.0864449521687565,4.0864449521687565,4.0864449521687565,5324.801725991514,0.0,0.0002,sha_pow
7,sha_pow,0.0,1,7,True,2,3.978961921428417,3.978961921428417,3.978961921428417,3042.7438434237215,0.0,0.0002,sha_pow
8,sha_pow,0.0,16,9,False,1,3.721691558382986,3.721691558382986,3.721691558382986,3803.4298042796504,0.0,0.0002,sha_pow
9,sha_pow,0.0,7,7,False,1,3.0910119857248413,3.0910119857248413,3.0910119857248413,3042.7438434237206,0.0,0.0001866666666666667,sha_pow
10,sha_pow,0.0,5,27,False,1,4.779231354986969,4.779231354986969,4.779231354986969,10649.60345198301,0.0,0.0001866666666666667,sha_pow
11,sha_pow,0.0,10,13,False,1,3.282610465726166,3.282610465726166,3.282610465726166,5324.801725991515,0.0,0.0001866666666666667,sha_pow
12,sha_pow,0.0,5,7,False,1,4.743328202228541,4.743328202228541,4.743328202228541,3042.743843423721,0.0,0.0001866666666666667,sha_pow
13,sha_pow,0.0,14,10,True,2,2.9358860242632137,2.9358860242632137,2.9358860242632137,4183.772784707614,0.0,0.0001866666666666667,sha_pow
14,sha_pow,0.0,5,40,False,1,3.4431885835169593,3.4431885835169593,3.4431885835169593,15370.975373694806,0.0,0.0001866666666666667,sha_pow
15,sha_pow,0.0,1,10,True,2,3.767869721263032,3.767869721263032,3.767869721263032,4183.772784707614,0.0,0.0001866666666666667,sha_pow
16,sha_pow,0.0,23,2,False,1,4.494642543013388,4.494642543013388,4.494642543013388,1141.0289412838968,0.0,0.0001866666666666667,sha_pow
17,sha_pow,0.0,15,8,False,1,5.235053620590967,5.235053620590967,5.235053620590967,3423.0868238516846,0.0,0.0001866666666666667,sha_pow
18,sha_pow,0.0,12,7,False,1,4.06451135541938,4.06451135541938,4.06451135541938,3042.743843423721,0.0,0.0001866666666666667,sha_pow
19,sha_pow,0.0,5,6,True,2,3.565562667999783,3.565562667999783,3.565562667999783,2662.4008629957566,0.0,0.0001617777777777778,sha_pow
20,sha_pow,0.0,5,40,False,1,4.95891750133866,4.95891750133866,4.95891750133866,15370.975373694804,0.0,0.0001617777777777778,sha_pow
21,sha_pow,0.0,11,3,True,2,3.8623400330060553,3.8623400330060553,3.8623400330060553,1141.0289412838963,0.0,0.0001617777777777778,sha_pow
22,sha_pow,0.0,5,8,False,1,4.6778655949578445,4.6778655949578445,4.6778655949578445,3423.086823851686,0.0,0.0001617777777777778,sha_pow
23,sha_pow,0.0,18,12,False,1,3.6164905341473954,3.6164905341473954,3.6164905341473954,4944.458745563549,0.0,0.0001617777777777778,sha_pow
24,sha_pow,0.0,10,2,False,1,4.1886941245137805,4.1886941245137805,4.1886941245137805,1141.0289412838968,0.0,0.0001617777777777778,sha_pow
25,sha_pow,0.0,12,33,False,1,4.709777046939744,4.709777046939744,4.709777046939744,12970.975373694839,0.0,0.0001617777777777778,sha_pow
26,sha_pow,0.0,5,3,False,1,4.1901429580907115,4.1901429580907115,4.1901429580907115,1521.3719217118617,0.0,0.0001617777777777778,sha_pow
27,sha_pow,0.0,2,27,False,1,4.24734620668268,4.24734620668268,4.24734620668268,10649.603451983008,0.0,0.0001617777777777778,sha_pow
28,sha_pow,0.0,7,16,True,2,4.106725578911307,4.106725578911307,4.106725578911307,6465.830667275415,0.0,0.0001617777777777778,sha_pow
29,sha_pow,0.0,16,2,False,1,4.333344952237331,4.333344952237331,4.333344952237331,1141.0289412838965,0.0,0.00015746370370370373,sha_pow
30,sha_pow,0.0,12,22,False,1,4.461029968783464,4.461029968783464,4.461029968783464,8747.888549843206,0.0,0.00015746370370370373,sha_pow
31,sha_pow,0.0,14,20,False,1,4.865275881007595,4.865275881007595,4.865275881007595,7987.202588987282,0.0,0.00015746370370370373,sha_pow
32,sha_pow,0.0,16,3,False,1,3.3951469093099984,3.3951469093099984,3.3951469093099984,1521.3719217118621,0.0,0.00015746370370370373,sha_pow
33,sha_pow,0.0,2,13,True,2,4.034473371582388,4.034473371582388,4.034473371582388,4944.458745563547,0.0,0.00015746370370370373,sha_pow
34,sha_pow,0.0,14,3,False,1,4.289004629442061,4.289004629442061,4.289004629442061,1521.371921711862,0.0,0.00015746370370370373,sha_pow
35,sha_pow,0.0,7,5,False,1,3.4640333453253374,3.4640333453253374,3.4640333453253374,2282.0578825677926,0.0,0.00015746370370370373,sha_pow
36,sha_pow,0.0,16,29,False,1,4.709566139361455,4.709566139361455,4.709566139361455,11410.289412838929,0.0,0.00015746370370370373,sha_pow
37,sha_pow,0.0,14,2,False,1,5.358240614291031,5.358240614291031,5.358240614291031,1141.028941283896,0.0,0.00015746370370370373,sha_pow
38,sha_pow,0.0,24,6,False,1,4.129310516112541,4.129310516112541,4.129310516112541,2662.400862995757,0.0,0.00015746370370370373,sha_pow
39,sha_pow,0.0,0,15,False,1,4.905627857946188,4.905627857946188,4.905627857946188,6085.487686847449,0.0,0.0001238714469135803,sha_pow
0,pure_poao,0.0,14,1,True,12,4.611312084961547,4.261220393619304,4.261220393619304,0.0,39.99999999999999,0.0002,pure_poao
1,pure_poao,0.0,24,1,True,15,4.825418936984946,4.5790444164472195,4.5790444164472195,0.0,40.00000000000001,0.0002,pure_poao
2,pure_poao,0.0,14,1,True,10,4.1670188997232795,3.988883322178365,3.988883322178365,0.0,39.999999999999986,0.0002,pure_poao
3,pure_poao,0.0,1,2,True,16,4.218163844101184,4.313397711476935,4.313397711476935,0.0,40.00000000000001,0.0002,pure_poao
4,pure_poao,0.0,26,2,True,16,4.782906335090596,4.74021965706223,4.74021965706223,0.0,40.00000000000001,0.0002,pure_poao
5,pure_poao,0.0,16,2,True,6,3.730269390542249,3.9654718740412296,3.9654718740412296,0.0,39.99999999999998,0.0002,pure_poao
6,pure_poao,0.0,14,2,True,7,3.5633512879882776,3.2412286547418963,3.2412286547418963,0.0,39.99999999999999,0.0002,pure_poao
7,pure_poao,0.0,27,2,True,8,4.184737717451558,4.056815732311939,4.056815732311939,0.0,39.99999999999999,0.0002,pure_poao
8,pure_poao,0.0,8,2,True,15,3.755649413831699,3.7424033459258084,3.7424033459258084,0.0,40.00000000000001,0.0002,pure_poao
9,pure_poao,0.0,8,2,True,12,4.394648735990679,4.335811642231434,4.335811642231434,0.0,39.99999999999999,5e-05,pure_poao
10,pure_poao,0.0,5,1,True,16,4.503234232332574,4.569256717610205,4.569256717610205,0.0,40.00000000000001,5e-05,pure_poao
11,pure_poao,0.0,22,2,True,12,3.61762194591498,3.6258424410051244,3.6258424410051244,0.0,39.999999999999986,5e-05,pure_poao
12,pure_poao,0.0,28,2,True,16,4.430972254139634,4.394564054730961,4.394564054730961,0.0,40.0,5e-05,pure_poao
13,pure_poao,0.0,7,2,True,4,3.693066481485705,3.4975390742645693,3.4975390742645693,0.0,39.999999999999986,5e-05,pure_poao
14,pure_poao,0.0,22,2,True,16,4.090735713718626,4.323544472586664,4.323544472586664,0.0,40.00000000000001,5e-05,pure_poao
15,pure_poao,0.0,12,2,True,6,3.5350059507063447,3.489229264739789,3.489229264739789,0.0,39.99999999999999,5e-05,pure_poao
16,pure_poao,0.0,28,2,True,10,3.6989384245638326,3.5361543498202455,3.5361543498202455,0.0,39.99999999999999,5e-05,pure_poao
17,pure_poao,0.0,14,2,True,16,3.4605528840112445,4.22202045206539,4.22202045206539,0.0,39.999999999999986,5e-05,pure_poao
18,pure_poao,0.0,27,2,True,15,4.681836209621331,4.724653889601676,4.724653889601676,0.0,39.99999999999999,5e-05,pure_poao
19,pure_poao,0.0,3,2,True,7,3.2411825783176123,3.2203616054990865,3.2203616054990865,0.0,39.999999999999986,1.25e-05,pure_poao
20,pure_poao,0.0,23,2,True,16,3.9386307287512956,4.3255580755185035,4.3255580755185035,0.0,39.99999999999999,1.25e-05,pure_poao
21,pure_poao,0.0,22,2,True,9,4.026845316243706,3.999777739112461,3.999777739112461,0.0,40.0,1.25e-05,pure_poao
22,pure_poao,0.0,25,2,True,16,3.726814793949335,4.184178743994918,4.184178743994918,0.0,39.999999999999986,1.25e-05,pure_poao
23,pure_poao,0.0,12,2,True,16,3.8829840607630817,3.7097820455718633,3.7097820455718633,0.0,39.99999999999998,1.25e-05,pure_poao
24,pure_poao,0.0,1,2,True,13,3.827393925602051,3.617401030910989,3.617401030910989,0.0,40.00000000000001,1.25e-05,pure_poao
25,pure_poao,0.0,7,1,True,7,3.1986137696331154,3.210707721857898,3.210707721857898,0.0,40.0,1.25e-05,pure_poao
26,pure_poao,0.0,27,2,True,16,3.289789591767775,3.5180783400745934,3.5180783400745934,0.0,39.999999999999986,1.25e-05,pure_poao
27,pure_poao,0.0,14,1,True,5,4.055922421305565,3.878347825541384,3.878347825541384,0.0,39.99999999999999,1.25e-05,pure_poao
28,pure_poao,0.0,14,1,True,14,3.222897960970484,3.2909932654564376,3.2909932654564376,0.0,39.999999999999986,1.25e-05,pure_poao
29,pure_poao,0.0,5,2,True,10,4.032881204487988,4.277145329555972,4.277145329555972,0.0,40.0,3.125e-06,pure_poao
30,pure_poao,0.0,10,2,True,16,5.070132391522201,4.961703342587963,4.961703342587963,0.0,39.99999999999998,3.125e-06,pure_poao
31,pure_poao,0.0,22,2,True,16,4.211171721357946,4.508958340947353,4.508958340947353,0.0,39.99999999999998,3.125e-06,pure_poao
32,pure_poao,0.0,5,1,True,11,3.5100436842066194,3.7207820506484577,3.7207820506484577,0.0,39.999999999999986,3.125e-06,pure_poao
33,pure_poao,0.0,8,2,True,15,4.314210317079906,4.30253990890253,4.30253990890253,0.0,39.999999999999986,3.125e-06,pure_poao
34,pure_poao,0.0,14,1,True,16,4.4335880250115505,4.8531231620625,4.8531231620625,0.0,40.0,3.125e-06,pure_poao
35,pure_poao,0.0,5,2,True,10,3.7214178699075062,3.7789308275938813,3.7789308275938813,0.0,39.999999999999986,3.125e-06,pure_poao
36,pure_poao,0.0,27,2,True,16,3.158414760412453,3.6393014227212372,3.6393014227212372,0.0,40.00000000000001,3.125e-06,pure_poao
37,pure_poao,0.0,5,1,True,16,3.9930965250630996,5.213966907248645,5.213966907248645,0.0,39.999999999999986,3.125e-06,pure_poao
38,pure_poao,0.0,25,2,True,16,4.183785498273024,4.622335225004634,4.622335225004634,0.0,39.999999999999986,3.125e-06,pure_poao
39,pure_poao,0.0,12,2,True,14,4.559235663221499,4.553978268575987,4.553978268575987,0.0,40.0,7.8125e-07,pure_poao
0,hybrid,0.5,26,10,False,1,4.580041454786828,4.261220393619304,4.261220393619304,1618.6447493701642,76.99999999999997,0.0002,hybrid(lambda=0.5)
1,hybrid,0.5,3,40,False,1,3.264217291378971,3.7923650618174145,3.7923650618174145,9078.323097324475,279.9999999999999,0.0002,hybrid(lambda=0.5)
2,hybrid,0.5,5,39,False,1,3.5734917402412454,3.9456663100356346,3.9456663100356346,8452.63546481079,279.99999999999994,0.0002,hybrid(lambda=0.5)
3,hybrid,0.5,24,17,False,1,3.490075808819519,3.8302293679971338,3.8302293679971338,3334.9716229176634,126.00000000000004,0.0002,hybrid(lambda=0.5)
4,hybrid,0.5,1,40,False,1,3.1520359190336946,3.3650184307498394,3.3650184307498394,8682.260782029525,280.0,0.0002,hybrid(lambda=0.5)
5,hybrid,0.5,24,27,False,1,3.313108908566387,3.6451493392143464,3.6451493392143464,5879.399994836,196.00000000000006,0.0002,hybrid(lambda=0.5)
6,hybrid,0.5,14,4,False,1,4.717518583014589,4.329640671547056,4.329640671547056,499.20249967736015,34.99999999999997,0.0002,hybrid(lambda=0.5)
7,hybrid,0.5,7,39,False,1,3.6887420228930408,4.188062550612397,4.188062550612397,9087.729707110944,280.00000000000006,0.0002,hybrid(lambda=0.5)
8,hybrid,0.5,0,21,False,1,3.5755346272546835,4.363765807746356,4.363765807746356,4628.644164171738,154.00000000000003,0.0002,hybrid(lambda=0.5)
9,hybrid,0.5,16,11,False,1,3.8578016474852657,4.231841108270443,4.231841108270443,1868.3652525553493,83.99999999999997,0.00033066666666666666,hybrid(lambda=0.5)
10,hybrid,0.5,16,13,False,1,3.468273336495018,3.436248267852691,3.436248267852691,1671.2097120564938,98.0,0.00033066666666666666,hybrid(lambda=0.5)
11,hybrid,0.5,16,14,False,1,3.3696070920785264,3.4530939817585136,3.4530939817585136,2147.1992320530476,105.00000000000001,0.00033066666666666666,hybrid(lambda=0.5)
12,hybrid,0.5,16,17,False,1,3.6222545791429015,3.7571183071317593,3.7571183071317593,3116.276816636484,126.00000000000004,0.00033066666666666666,hybrid(lambda=0.5)
13,hybrid,0.5,7,11,False,1,3.453526176789639,4.133875582485308,4.133875582485308,2164.993493757252,83.99999999999997,0.00033066666666666666,hybrid(lambda=0.5)
14,hybrid,0.5,14,24,True,2,4.081941942580086,4.851432511185868,4.851432511185868,5310.286289278781,175.00000000000009,0.00033066666666666666,hybrid(lambda=0.5)
15,hybrid,0.5,7,2,False,1,3.6618309264967275,3.505940095471222,3.505940095471222,119.97050313088232,20.99999999999999,0.00033066666666666666,hybrid(lambda=0.5)
16,hybrid,0.5,15,28,False,1,2.9939684198898586,2.9939684198898586,2.9939684198898586,5625.251787835297,203.00000000000006,0.00033066666666666666,hybrid(lambda=0.5)
17,hybrid,0.5,24,9,False,1,3.985467629637753,4.205161447952296,4.205161447952296,1556.8882807308123,69.99999999999994,0.00033066666666666666,hybrid(lambda=0.5)
18,hybrid,0.5,22,10,False,1,3.6715803444775466,4.150461803989751,4.150461803989751,1925.8219026459756,76.99999999999996,0.00033066666666666666,hybrid(lambda=0.5)
19,hybrid,0.5,16,1,False,1,4.407061788342473,4.656496080888091,4.656496080888091,156.479077901526,14.000000000000002,0.0002843733333333333,hybrid(lambda=0.5)
20,hybrid,0.5,15,9,False,1,3.7289440160830587,3.819625839137452,3.819625839137452,1288.078188190619,69.9999999999999,0.0002843733333333333,hybrid(lambda=0.5)
21,hybrid,0.5,16,17,False,1,3.485579364867815,4.128487546985109,4.128487546985109,3517.449876421667,126.00000000000006,0.0002843733333333333,hybrid(lambda=0.5)
22,hybrid,0.5,19,17,False,1,3.1720339317533037,3.012639897386964,3.012639897386964,2960.3349817471217,126.00000000000003,0.0002843733333333333,hybrid(lambda=0.5)
23,hybrid,0.5,16,2,False,1,4.171434187667202,3.7979224891918033,3.7979224891918033,210.0824452272447,20.999999999999993,0.0002843733333333333,hybrid(lambda=0.5)
24,hybrid,0.5,19,9,False,1,3.6685171157786667,3.445794837746996,3.445794837746996,1531.371868959587,69.99999999999994,0.0002843733333333333,hybrid(lambda=0.5)
25,hybrid,0.5,1,8,False,1,4.196508174859806,4.683814904662713,4.683814904662713,1447.4787204234237,62.99999999999992,0.0002843733333333333,hybrid(lambda=0.5)
26,hybrid,0.5,5,11,True,2,3.494392328289089,4.638070718946978,4.638070718946978,2164.993493757252,83.99999999999994,0.0002843733333333333,hybrid(lambda=0.5)
27,hybrid,0.5,5,6,False,1,3.566340719518773,3.7731231880268146,3.7731231880268146,541.6089017150982,48.999999999999936,0.0002843733333333333,hybrid(lambda=0.5)
28,hybrid,0.5,5,40,False,1,3.490509704334013,3.633539715250964,3.633539715250964,8705.842343127819,280.0,0.0002843733333333333,hybrid(lambda=0.5)
29,hybrid,0.5,24,33,False,1,3.717534503164047,4.38070559102003,4.38070559102003,7560.045973114513,238.00000000000006,0.00028816497777777773,hybrid(lambda=0.5)
30,hybrid,0.5,15,19,False,1,3.1592564173632325,3.537302385801082,3.537302385801082,3930.0242632026866,140.00000000000006,0.00028816497777777773,hybrid(lambda=0.5)
31,hybrid,0.5,22,22,True,2,3.9574438797916986,3.706352049796943,3.706352049796943,3800.840741917759,161.0000000000001,0.00028816497777777773,hybrid(lambda=0.5)
32,hybrid,0.5,24,25,False,1,4.129471200018802,5.443807801269997,5.443807801269997,5617.535913284451,182.00000000000009,0.00028816497777777773,hybrid(lambda=0.5)
33,hybrid,0.5,5,9,False,1,3.5795787747560577,3.7327051909078657,3.7327051909078657,1314.0090517858803,69.99999999999993,0.00028816497777777773,hybrid(lambda=0.5)
34,hybrid,0.5,7,9,False,1,3.473347381616912,3.601565305117487,3.601565305117487,1372.72754476296,69.99999999999993,0.00028816497777777773,hybrid(lambda=0.5)
35,hybrid,0.5,7,10,False,1,3.799451677627987,4.043300217316938,4.043300217316938,1645.9792807760664,76.99999999999994,0.00028816497777777773,hybrid(lambda=0.5)
36,hybrid,0.5,16,22,False,1,3.259894389830005,3.3806745773617966,3.3806745773617966,4393.983720232679,161.00000000000006,0.00028816497777777773,hybrid(lambda=0.5)
37,hybrid,0.5,19,25,False,1,3.9190691587331514,3.637232089522291,3.637232089522291,3909.6895602914365,182.00000000000006,0.00028816497777777773,hybrid(lambda=0.5)
38,hybrid,0.5,16,7,False,1,3.701220731819228,3.830584274068454,3.830584274068454,1181.7836147130797,55.99999999999996,0.00028816497777777773,hybrid(lambda=0.5)
39,hybrid,0.5,16,9,False,1,3.0910351051528213,3.8333694005276153,3.8333694005276153,1686.6503115346995,69.99999999999996,0.0003016126767407407,hybrid(lambda=0.5)
0,hybrid,1.0,26,10,False,1,4.580041454786828,4.261220393619304,4.261220393619304,1618.6447493701642,76.99999999999997,0.0002,hybrid(lambda=1.0)
1,hybrid,1.0,3,40,False,1,3.264217291378971,3.7923650618174145,3.7923650618174145,9078.323097324475,279.9999999999999,0.0002,hybrid(lambda=1.0)
2,hybrid,1.0,5,39,False,1,3.5734917402412454,3.9456663100356346,3.9456663100356346,8452.63546481079,279.99999999999994,0.0002,hybrid(lambda=1.0)
3,hybrid,1.0,24,17,False,1,3.490075808819519,3.8302293679971338,3.8302293679971338,3334.9716229176634,126.00000000000004,0.0002,hybrid(lambda=1.0)
4,hybrid,1.0,1,40,False,1,3.1520359190336946,3.3650184307498394,3.3650184307498394,8682.260782029525,280.0,0.0002,hybrid(lambda=1.0)
5,hybrid,1.0,24,27,False,1,3.313108908566387,3.6451493392143464,3.6451493392143464,5879.399994836,196.00000000000006,0.0002,hybrid(lambda=1.0)
6,hybrid,1.0,14,4,False,1,4.717518583014589,4.329640671547056,4.329640671547056,499.20249967736015,34.99999999999997,0.0002,hybrid(lambda=1.0)
7,hybrid,1.0,7,39,False,1,3.6887420228930408,4.188062550612397,4.188062550612397,9087.729707110944,280.00000000000006,0.0002,hybrid(lambda=1.0)
8,hybrid,1.0,0,21,False,1,3.5755346272546835,4.363765807746356,4.363765807746356,4628.644164171738,154.00000000000003,0.0002,hybrid(lambda=1.0)
9,hybrid,1.0,16,11,False,1,3.8578016474852657,4.231841108270443,4.231841108270443,1868.3652525553493,83.99999999999997,0.00033066666666666666,hybrid(lambda=1.0)
10,hybrid,1.0,16,13,False,1,3.468273336495018,3.436248267852691,3.436248267852691,1671.2097120564938,98.0,0.00033066666666666666,hybrid(lambda=1.0)
11,hybrid,1.0,16,14,False,1,3.3696070920785264,3.4530939817585136,3.4530939817585136,2147.1992320530476,105.00000000000001,0.00033066666666666666,hybrid(lambda=1.0)
12,hybrid,1.0,16,17,False,1,3.6222545791429015,3.7571183071317593,3.7571183071317593,3116.276816636484,126.00000000000004,0.00033066666666666666,hybrid(lambda=1.0)
13,hybrid,1.0,7,11,False,1,3.453526176789639,4.133875582485308,4.133875582485308,2164.993493757252,83.99999999999997,0.00033066666666666666,hybrid(lambda=1.0)
14,hybrid,1.0,14,24,True,2,4.081941942580086,4.851432511185868,4.851432511185868,5310.286289278781,175.00000000000009,0.00033066666666666666,hybrid(lambda=1.0)
15,hybrid,1.0,7,2,False,1,3.6618309264967275,3.505940095471222,3.505940095471222,119.97050313088232,20.99999999999999,0.00033066666666666666,hybrid(lambda=1.0)
16,hybrid,1.0,15,28,False,1,2.9939684198898586,2.9939684198898586,2.9939684198898586,5625.251787835297,203.00000000000006,0.00033066666666666666,hybrid(lambda=1.0)
17,hybrid,1.0,24,9,False,1,3.985467629637753,4.205161447952296,4.205161447952296,1556.8882807308123,69.99999999999994,0.00033066666666666666,hybrid(lambda=1.0)
18,hybrid,1.0,22,10,False,1,3.6715803444775466,4.150461803989751,4.150461803989751,1925.8219026459756,76.99999999999996,0.00033066666666666666,hybrid(lambda=1.0)
19,hybrid,1.0,16,1,False,1,4.407061788342473,4.656496080888091,4.656496080888091,156.479077901526,14.000000000000002,0.0002843733333333333,hybrid(lambda=1.0)
20,hybrid,1.0,15,9,False,1,3.7289440160830587,3.819625839137452,3.819625839137452,1288.078188190619,69.9999999999999,0.0002843733333333333,hybrid(lambda=1.0)
21,hybrid,1.0,16,17,False,1,3.485579364867815,4.128487546985109,4.128487546985109,3517.449876421667,126.00000000000006,0.0002843733333333333,hybrid(lambda=1.0)
22,hybrid,1.0,19,17,False,1,3.1720339317533037,3.012639897386964,3.012639897386964,2960.3349817471217,126.00000000000003,0.0002843733333333333,hybrid(lambda=1.0)
23,hybrid,1.0,16,2,False,1,4.171434187667202,3.7979224891918033,3.7979224891918033,210.0824452272447,20.999999999999993,0.0002843733333333333,hybrid(lambda=1.0)
24,hybrid,1.0,19,9,False,1,3.6685171157786667,3.445794837746996,3.445794837746996,1531.371868959587,69.99999999999994,0.0002843733333333333,hybrid(lambda=1.0)
25,hybrid,1.0,1,8,False,1,4.196508174859806,4.683814904662713,4.683814904662713,1447.4787204234237,62.99999999999992,0.0002843733333333333,hybrid(lambda=1.0)
26,hybrid,1.0,5,11,True,2,3.494392328289089,4.638070718946978,4.638070718946978,2164.993493757252,83.99999999999994,0.0002843733333333333,hybrid(lambda=1.0)
27,hybrid,1.0,5,6,False,1,3.566340719518773,3.7731231880268146,3.7731231880268146,541.6089017150982,48.999999999999936,0.0002843733333333333,hybrid(lambda=1.0)
28,hybrid,1.0,5,40,False,1,3.490509704334013,3.633539715250964,3.633539715250964,8705.842343127819,280.0,0.0002843733333333333,hybrid(lambda=1.0)
29,hybrid,1.0,24,33,False,1,3.717534503164047,4.38070559102003,4.38070559102003,7560.045973114513,238.00000000000006,0.00028816497777777773,hybrid(lambda=1.0)
30,hybrid,1.0,15,19,False,1,3.1592564173632325,3.537302385801082,3.537302385801082,3930.0242632026866,140.00000000000006,0.00028816497777777773,hybrid(lambda=1.0)
31,hybrid,1.0,22,22,True,2,3.9574438797916986,3.706352049796943,3.706352049796943,3800.840741917759,161.0000000000001,0.00028816497777777773,hybrid(lambda=1.0)
32,hybrid,1.0,19,10,False,1,4.764300438682623,5.443807801269997,5.443807801269997,1925.8219026459756,76.99999999999997,0.00028816497777777773,hybrid(lambda=1.0)
33,hybrid,1.0,24,19,False,1,3.317061320723917,3.5423000113147687,3.5423000113147687,3763.4174023318837,140.00000000000006,0.00028816497777777773,hybrid(lambda=1.0)
34,hybrid,1.0,16,29,False,1,3.5460165854435974,4.588849277943547,4.588849277943547,6606.427662397167,210.00000000000003,0.00028816497777777773,hybrid(lambda=1.0)
35,hybrid,1.0,7,6,False,1,3.514499475295576,3.652717323726928,3.652717323726928,880.0775019050284,48.99999999999993,0.00028816497777777773,hybrid(lambda=1.0)
36,hybrid,1.0,5,7,False,1,3.5134450252291094,3.4874408544833533,3.4874408544833533,761.0369987659128,55.99999999999994,0.00028816497777777773,hybrid(lambda=1.0)
37,hybrid,1.0,9,18,False,1,3.8905539343875746,3.8735655044739903,3.8735655044739903,3623.9790131373934,133.00000000000003,0.00028816497777777773,hybrid(lambda=1.0)
38,hybrid,1.0,16,12,False,1,4.143293603620338,3.9094290744115225,3.9094290744115225,1100.3258641201394,90.99999999999999,0.00028816497777777773,hybrid(lambda=1.0)
39,hybrid,1.0,5,31,False,1,3.867867899119533,4.219440596748974,4.219440596748974,6441.940481066207,224.00000000000009,0.0003323502743703703,hybrid(lambda=1.0)
0,hybrid,3.0,26,10,False,1,4.580041454786828,4.261220393619304,4.261220393619304,1618.6447493701642,76.99999999999997,0.0002,hybrid(lambda=3.0)
1,hybrid,3.0,5,29,False,1,3.264217291378971,3.7923650618174145,3.7923650618174145,6503.877222768114,210.0,0.0002,hybrid(lambda=3.0)
2,hybrid,3.0,16,27,False,1,3.1604998889671743,3.4090079686997705,3.4090079686997705,5516.6506821228495,196.00000000000009,0.0002,hybrid(lambda=3.0)
3,hybrid,3.0,5,3,False,1,3.2241169009648383,3.528128749122682,3.528128749122682,363.70016685600064,27.999999999999986,0.0002,hybrid(lambda=3.0)
4,hybrid,3.0,5,12,False,1,3.653955940177297,4.085081145309302,4.085081145309302,2407.927079851784,90.99999999999999,0.0002,hybrid(lambda=3.0)
5,hybrid,3.0,16,31,False,1,3.323161630230646,3.4350998001083033,3.4350998001083033,5967.504838859084,224.00000000000006,0.0002,hybrid(lambda=3.0)
6,hybrid,3.0,5,40,False,1,3.61217740285636,3.7366559597906566,3.7366559597906566,8390.00752954727,280.0,0.0002,hybrid(lambda=3.0)
7,hybrid,3.0,7,5,False,1,3.430908212151391,3.406308782089538,3.406308782089538,673.6419996456893,41.99999999999997,0.0002,hybrid(lambda=3.0)
8,hybrid,3.0,16,38,False,1,3.4826310029834864,3.903443895633538,3.903443895633538,8842.920123179105,272.99999999999994,0.0002,hybrid(lambda=3.0)
9,hybrid,3.0,7,3,False,1,3.9168659961182644,4.110741773051968,4.110741773051968,424.5277306950127,27.999999999999982,0.000264,hybrid(lambda=3.0)
10,hybrid,3.0,1,17,False,1,3.76304530705829,3.864796750608002,3.864796750608002,3360.675178820392,126.00000000000007,0.000264,hybrid(lambda=3.0)
11,hybrid,3.0,1,7,False,1,3.903538600703472,4.041442367004528,4.041442367004528,878.1244954731626,55.99999999999994,0.000264,hybrid(lambda=3.0)
12,hybrid,3.0,14,8,False,1,3.7053380649350234,3.648609187805253,3.648609187805253,858.3401828133793,62.99999999999993,0.000264,hybrid(lambda=3.0)
13,hybrid,3.0,17,16,False,1,4.052021353684821,4.561763003780314,4.561763003780314,3301.7281413365395,119.00000000000007,0.000264,hybrid(lambda=3.0)
14,hybrid,3.0,7,10,False,1,3.9382830264883513,4.727918168862674,4.727918168862674,1925.8219026459753,76.99999999999996,0.000264,hybrid(lambda=3.0)
15,hybrid,3.0,19,18,True,2,3.9368934871807437,4.6530988156807815,4.6530988156807815,3886.9753523372037,133.00000000000003,0.000264,hybrid(lambda=3.0)
16,hybrid,3.0,5,23,False,1,3.181805599710816,3.489617689280079,3.489617689280079,4872.16583244832,168.00000000000009,0.000264,hybrid(lambda=3.0)
17,hybrid,3.0,23,5,False,1,3.7169945335342183,3.814490679272195,3.814490679272195,723.3829198923835,41.99999999999995,0.000264,hybrid(lambda=3.0)
18,hybrid,3.0,16,2,False,1,3.5855489502053626,3.2947389034634273,3.2947389034634273,196.95619997168026,20.999999999999996,0.000264,hybrid(lambda=3.0)
19,hybrid,3.0,16,12,False,1,3.6079783974285364,4.2690547083910495,4.2690547083910495,2347.2045213469573,90.99999999999997,0.00020768000000000004,hybrid(lambda=3.0)
20,hybrid,3.0,7,6,False,1,3.958183433513642,4.067618224983728,4.067618224983728,700.1401662755009,48.99999999999997,0.00020768000000000004,hybrid(lambda=3.0)
21,hybrid,3.0,12,19,False,1,4.127752038274956,4.087490957292074,4.087490957292074,2564.916576126843,140.00000000000009,0.00020768000000000004,hybrid(lambda=3.0)
22,hybrid,3.0,22,22,False,1,3.9358202202077464,4.471593592465364,4.471593592465364,4843.899813224216,161.00000000000006,0.00020768000000000004,hybrid(lambda=3.0)
23,hybrid,3.0,16,3,False,1,2.9403931906180647,2.7239814666198976,2.7239814666198976,247.59264866440947,27.999999999999986,0.00020768000000000004,hybrid(lambda=3.0)
24,hybrid,3.0,18,6,False,1,3.3375362227903915,3.3022131831844224,3.3022131831844224,988.4750519452068,48.99999999999995,0.00020768000000000004,hybrid(lambda=3.0)
25,hybrid,3.0,16,30,False,1,3.2056734735766597,3.5012652806009923,3.5012652806009923,6673.461312151602,217.00000000000003,0.00020768000000000004,hybrid(lambda=3.0)
26,hybrid,3.0,12,13,True,2,3.571421463355276,4.2442274888774065,4.2442274888774065,2377.5132979322775,90.99999999999999,0.00020768000000000004,hybrid(lambda=3.0)
27,hybrid,3.0,16,12,False,1,3.778281099569957,4.028817842510607,4.028817842510607,2209.5322306637468,90.99999999999999,0.00020768000000000004,hybrid(lambda=3.0)
28,hybrid,3.0,17,9,False,1,3.855021344283016,4.00831361897849,4.00831361897849,1534.1138317058883,69.99999999999991,0.00020768000000000004,hybrid(lambda=3.0)
29,hybrid,3.0,16,14,False,1,2.8296907015605073,2.896023968736717,2.896023968736717,2513.407234153565,105.00000000000001,0.0001855274666666667,hybrid(lambda=3.0)
30,hybrid,3.0,1,16,False,1,3.854803112672604,4.167731638093233,4.167731638093233,2750.5798013098856,119.00000000000001,0.0001855274666666667,hybrid(lambda=3.0)
31,hybrid,3.0,10,18,False,1,3.958080360351172,4.109227767577698,4.109227767577698,3886.9753523372037,133.00000000000006,0.0001855274666666667,hybrid(lambda=3.0)
32,hybrid,3.0,1,40,False,1,3.7924785894255706,5.00179630706543,5.00179630706543,9077.141282527482,280.0,0.0001855274666666667,hybrid(lambda=3.0)
33,hybrid,3.0,1,40,False,1,3.0558809230233264,3.455413928652696,3.455413928652696,9091.757481994118,280.0,0.0001855274666666667,hybrid(lambda=3.0)
34,hybrid,3.0,27,26,False,1,3.339404659277799,4.471635953221816,4.471635953221816,5864.758850562633,189.00000000000006,0.0001855274666666667,hybrid(lambda=3.0)
35,hybrid,3.0,5,11,False,1,3.67493999962976,4.131413990732548,4.131413990732548,2069.3005445326844,83.99999999999997,0.0001855274666666667,hybrid(lambda=3.0)
36,hybrid,3.0,7,28,False,1,3.226157151298853,3.5802717892126585,3.5802717892126585,6359.204725118988,203.00000000000006,0.0001855274666666667,hybrid(lambda=3.0)
37,hybrid,3.0,25,40,False,1,3.824748810035325,4.187255338492147,4.187255338492147,8437.438563113528,280.0000000000001,0.0001855274666666667,hybrid(lambda=3.0)
38,hybrid,3.0,5,12,False,1,3.080351278855078,4.195398497668708,4.195398497668708,2407.927079851784,90.99999999999999,0.0001855274666666667,hybrid(lambda=3.0)
39,hybrid,3.0,5,8,False,1,3.4534814235976254,3.670528004308702,3.670528004308702,1221.5518843478208,62.99999999999994,0.0002956070968888889,hybrid(lambda=3.0)
0,hybrid,10.0,26,10,False,1,4.580041454786828,4.261220393619304,4.261220393619304,1618.6447493701642,76.99999999999997,0.0002,hybrid(lambda=10.0)
1,hybrid,10.0,5,29,False,1,3.264217291378971,3.7923650618174145,3.7923650618174145,6503.877222768114,210.0,0.0002,hybrid(lambda=10.0)
2,hybrid,10.0,16,27,False,1,3.1604998889671743,3.4090079686997705,3.4090079686997705,5516.6506821228495,196.00000000000009,0.0002,hybrid(lambda=10.0)
3,hybrid,10.0,5,3,False,1,3.2241169009648383,3.528128749122682,3.528128749122682,363.70016685600064,27.999999999999986,0.0002,hybrid(lambda=10.0)
4,hybrid,10.0,5,12,False,1,3.653955940177297,4.085081145309302,4.085081145309302,2407.927079851784,90.99999999999999,0.0002,hybrid(lambda=10.0)
5,hybrid,10.0,16,31,False,1,3.323161630230646,3.4350998001083033,3.4350998001083033,5967.504838859084,224.00000000000006,0.0002,hybrid(lambda=10.0)
6,hybrid,10.0,5,40,False,1,3.61217740285636,3.7366559597906566,3.7366559597906566,8390.00752954727,280.0,0.0002,hybrid(lambda=10.0)
7,hybrid,10.0,7,5,False,1,3.430908212151391,3.406308782089538,3.406308782089538,673.6419996456893,41.99999999999997,0.0002,hybrid(lambda=10.0)
8,hybrid,10.0,16,38,False,1,3.4826310029834864,3.903443895633538,3.903443895633538,8842.920123179105,272.99999999999994,0.0002,hybrid(lambda=10.0)
9,hybrid,10.0,7,3,False,1,3.9168659961182644,4.110741773051968,4.110741773051968,424.5277306950127,27.999999999999982,0.000264,hybrid(lambda=10.0)
10,hybrid,10.0,16,6,False,1,3.5450707772359227,3.864796750608002,3.864796750608002,834.5677861366942,48.99999999999994,0.000264,hybrid(lambda=10.0)
11,hybrid,10.0,14,34,False,1,2.7812035011827385,2.925174634698833,2.925174634698833,7621.323977662217,245.00000000000009,0.000264,hybrid(lambda=10.0)
12,hybrid,10.0,16,3,False,1,4.657552828408429,4.384379066905698,4.384379066905698,328.14196605880863,27.99999999999999,0.000264,hybrid(lambda=10.0)
13,hybrid,10.0,23,21,False,1,3.3036786147237844,3.6133489937841548,3.6133489937841548,4047.9671928396665,154.00000000000006,0.000264,hybrid(lambda=10.0)
14,hybrid,10.0,7,18,False,1,4.067577198306036,5.16708704172655,5.16708704172655,3856.5615704176976,133.00000000000006,0.000264,hybrid(lambda=10.0)
15,hybrid,10.0,16,25,False,1,3.510725787379759,4.270172660946814,4.270172660946814,5587.122131364947,182.00000000000009,0.000264,hybrid(lambda=10.0)
16,hybrid,10.0,12,6,False,1,4.638109857301694,5.382570108144687,5.382570108144687,993.0418074060208,48.999999999999936,0.000264,hybrid(lambda=10.0)
17,hybrid,10.0,22,25,True,2,3.950792507663749,5.1017144040863736,5.1017144040863736,5617.535913284453,182.00000000000009,0.000264,hybrid(lambda=10.0)
18,hybrid,10.0,5,4,False,1,2.804058340972132,3.040507945463676,3.040507945463676,476.8811439077748,34.99999999999997,0.000264,hybrid(lambda=10.0)
19,hybrid,10.0,28,6,False,1,3.8854106406870113,4.635322247219697,4.635322247219697,993.0418074060211,48.999999999999936,0.00026048,hybrid(lambda=10.0)
20,hybrid,10.0,5,24,True,3,3.5141226027095978,3.5946211140691586,3.5946211140691586,4323.033150387581,175.00000000000006,0.00026048,hybrid(lambda=10.0)
21,hybrid,10.0,24,24,False,1,3.9007530082295796,4.568387504203237,4.568387504203237,5293.118550103549,175.00000000000009,0.00026048,hybrid(lambda=10.0)
22,hybrid,10.0,16,36,False,1,2.3794572357048884,2.3794572357048884,2.3794572357048884,7489.830775326407,259.0000000000001,0.00026048,hybrid(lambda=10.0)
23,hybrid,10.0,5,33,False,1,2.8961365754254995,3.150741032382009,3.150741032382009,7100.798952914828,238.00000000000009,0.00026048,hybrid(lambda=10.0)
24,hybrid,10.0,12,21,False,1,3.5290329574933335,3.810500818711294,3.810500818711294,4382.391747283413,154.00000000000009,0.00026048,hybrid(lambda=10.0)
25,hybrid,10.0,5,21,True,2,3.6481219748053313,4.18078295349138,4.18078295349138,4427.352837515278,154.00000000000006,0.00026048,hybrid(lambda=10.0)
26,hybrid,10.0,24,5,False,1,3.280482096396409,3.830260448631132,3.830260448631132,784.2104837313955,41.99999999999996,0.00026048,hybrid(lambda=10.0)
27,hybrid,10.0,5,40,False,1,3.1991550921314125,3.3190649203023708,3.3190649203023708,8617.811063142974,280.0000000000001,0.00026048,hybrid(lambda=10.0)
28,hybrid,10.0,5,7,False,1,3.3259156896636926,4.348129567185597,4.348129567185597,1181.7836147130802,55.99999999999994,0.00026048,hybrid(lambda=10.0)
29,hybrid,10.0,5,9,False,1,3.9671538703999305,4.392541833944945,4.392541833944945,1489.9943430261787,69.99999999999996,0.0003820373333333333,hybrid(lambda=10.0)
30,hybrid,10.0,1,13,False,1,3.5848548495035044,3.9151416584837193,3.9151416584837193,2650.8606659463157,98.00000000000003,0.0003820373333333333,hybrid(lambda=10.0)
31,hybrid,10.0,16,16,True,2,3.127094528874729,3.22510425548274,3.22510425548274,2788.180829225489,119.00000000000006,0.0003820373333333333,hybrid(lambda=10.0)
32,hybrid,10.0,16,7,False,1,3.8966235811843135,4.14167145665358,4.14167145665358,1181.7836147130797,55.99999999999994,0.0003820373333333333,hybrid(lambda=10.0)
33,hybrid,10.0,7,8,False,1,3.2500631516337597,3.416401295692189,3.416401295692189,1119.025765041541,62.99999999999992,0.0003820373333333333,hybrid(lambda=10.0)
34,hybrid,10.0,24,10,False,1,3.9337094920232953,4.1816633774664735,4.1816633774664735,1925.8219026459756,76.99999999999993,0.0003820373333333333,hybrid(lambda=10.0)
35,hybrid,10.0,23,4,False,1,3.779460914969606,4.216240428884798,4.216240428884798,583.7391777705091,34.999999999999964,0.0003820373333333333,hybrid(lambda=10.0)
36,hybrid,10.0,16,3,False,1,3.5603573396868,3.6772976965164905,3.6772976965164905,321.8848623382455,27.99999999999998,0.0003820373333333333,hybrid(lambda=10.0)
37,hybrid,10.0,5,3,False,1,3.6865951054396238,3.714115010650469,3.714115010650469,147.52722275204775,27.99999999999999,0.0003820373333333333,hybrid(lambda=10.0)
38,hybrid,10.0,14,15,False,1,3.206593557880261,3.6921689208627586,3.6921689208627586,2762.734865546338,112.00000000000001,0.0003820373333333333,hybrid(lambda=10.0)
39,hybrid,10.0,24,30,True,2,3.365203768888784,3.5507983561292873,3.5507983561292873,6139.1042841332455,217.00000000000003,0.00027761379555555553,hybrid(lambda=10.0)
